{"cameraMode":{"drawMode":0,"name":"Shaded","section":"Shading Mode"},"sceneLighting":false,"audioPlay":false,"sceneViewState":{"showFog":true,"showMaterialUpdate":true,"showSkybox":false,"showFlares":true,"showImageEffects":true,"showParticleSystems":true},"in2DMode":false,"pivot":{"x":0.05652880668640137,"y":0.5331076383590698,"z":0.9863107204437256},"rotation":{"x":-0.11235673725605011,"y":0.8358169198036194,"z":-0.18629996478557588,"w":-0.5040860176086426},"size":2.5624451637268068,"orthographic":false}