{"cameraMode":{"drawMode":0,"name":"Shaded","section":"Shading Mode"},"sceneLighting":false,"audioPlay":false,"sceneViewState":{"showFog":true,"showMaterialUpdate":true,"showSkybox":false,"showFlares":true,"showImageEffects":true,"showParticleSystems":true},"in2DMode":false,"pivot":{"x":7.450580596923828e-9,"y":0.0,"z":-7.450580596923828e-9},"rotation":{"x":-0.1056375503540039,"y":0.8910229206085205,"z":-0.2686239778995514,"w":-0.35042184591293337},"size":0.19448614120483399,"orthographic":false}